{
  "case_id": "case_10",
  "way_id": "way/136343018",
  "description": "东部联络线(161kV, 中距离)",
  "start": [
    23.721244899786804,
    121.43028030017533
  ],
  "end": [
    23.334594500096475,
    121.30527559973308
  ],
  "real_length_km": 48.23385007533535,
  "predicted_length_km": 48.14629300060532,
  "length_error_pct": 0.1815261991179956,
  "hausdorff_m": 765.5204524449213,
  "mean_distance_m": 326.2581222982189,
  "overlap_500m_pct": 85.09468540012217,
  "quality_passed": true,
  "quality_n_passed": 7,
  "fail_reason": "NONE"
}