{
  "case_id": "case_07",
  "algorithm": "A*",
  "version": "v3",
  "length_km": 27.73835312589547,
  "elevation_min_m": 23.706825256347656,
  "elevation_max_m": 81.2649154663086,
  "elevation_mean_m": 36.41529219096245,
  "slope_max_deg": 1.766424298286438,
  "slope_mean_deg": 0.7483353949234846,
  "hard_constraint_violations": 0
}