{
  "case_id": "case_01",
  "algorithm": "A*",
  "version": "v3",
  "length_km": 57.90372698623008,
  "elevation_min_m": 12.0,
  "elevation_max_m": 656.2963256835938,
  "elevation_mean_m": 219.8879448392948,
  "slope_max_deg": 42.54169464111328,
  "slope_mean_deg": 16.835462792954054,
  "hard_constraint_violations": 0
}