{
  "case_id": "case_05",
  "algorithm": "A*",
  "version": "v3",
  "length_km": 44.844042697640276,
  "elevation_min_m": 98.05134582519531,
  "elevation_max_m": 748.0980834960938,
  "elevation_mean_m": 242.47305515620695,
  "slope_max_deg": 29.05739402770996,
  "slope_mean_deg": 6.757329586477236,
  "hard_constraint_violations": 0
}