{
  "case_id": "case_08",
  "way_id": "way/199783876",
  "description": "中部横贯线(345kV, 长距离山区)",
  "start": [
    23.89151650023054,
    120.76841830031387
  ],
  "end": [
    24.15950750038533,
    120.51453849994283
  ],
  "real_length_km": 42.16136500325234,
  "predicted_length_km": 43.22083701250115,
  "length_error_pct": 2.5128977896400637,
  "hausdorff_m": 3723.0297351866375,
  "mean_distance_m": 1928.3623238595947,
  "overlap_500m_pct": 8.649367930805056,
  "quality_passed": true,
  "quality_n_passed": 7,
  "fail_reason": "NONE"
}