{
  "case_id": "case_08",
  "way_id": "way/199783876",
  "description": "中部横贯线(345kV, 长距离山区)",
  "start": [
    23.89151650023054,
    120.76841830031387
  ],
  "end": [
    24.15950750038533,
    120.51453849994283
  ],
  "real_length_km": 42.16136500325234,
  "predicted_length_km": 41.247413027186454,
  "length_error_pct": 2.1677475954476,
  "hausdorff_m": 2184.5399700722305,
  "mean_distance_m": 820.4928338438809,
  "overlap_500m_pct": 44.52198185624564,
  "quality_passed": true,
  "quality_n_passed": 7,
  "fail_reason": "NONE"
}