{
  "case_id": "case_01",
  "way_id": "way/365662519",
  "description": "屏东恒春线(南台湾, 345kV, 短距离)",
  "start": [
    22.418346399995453,
    120.61039009990938
  ],
  "end": [
    21.959538199967795,
    120.74868989979431
  ],
  "real_length_km": 57.371457578532045,
  "predicted_length_km": 57.70115690367853,
  "length_error_pct": 0.574674827975534,
  "hausdorff_m": 4514.80129610093,
  "mean_distance_m": 1911.2875572450944,
  "overlap_500m_pct": 8.597748208802457,
  "quality_passed": true,
  "quality_n_passed": 7,
  "fail_reason": "NONE"
}