{
  "case_id": "case_01",
  "way_id": "way/365662519",
  "description": "屏东恒春线(南台湾, 345kV, 短距离)",
  "start": [
    22.418346399995453,
    120.61039009990938
  ],
  "end": [
    21.959538199967795,
    120.74868989979431
  ],
  "real_length_km": 57.371457578532045,
  "predicted_length_km": 57.05214232266856,
  "length_error_pct": 0.5565751147709583,
  "hausdorff_m": 4534.750498850926,
  "mean_distance_m": 1568.0226041026906,
  "overlap_500m_pct": 29.627714581178903,
  "quality_passed": true,
  "quality_n_passed": 7,
  "fail_reason": "NONE"
}