{
  "case_id": "case_08",
  "algorithm": "IPSO-SA",
  "version": "v3",
  "length_km": 39.40595399580867,
  "elevation_min_m": -0.23456789553165436,
  "elevation_max_m": 314.1975402832031,
  "elevation_mean_m": 97.61657144268275,
  "slope_max_deg": 25.614988327026367,
  "slope_mean_deg": 7.23207013280142,
  "hard_constraint_violations": 0
}