{
  "case_id": "case_05",
  "algorithm": "DBO",
  "version": "v3",
  "length_km": 78.91692015546965,
  "elevation_min_m": 95.91358184814453,
  "elevation_max_m": 636.8518676757812,
  "elevation_mean_m": 228.31335699973252,
  "slope_max_deg": 34.20193862915039,
  "slope_mean_deg": 10.440074692081673,
  "hard_constraint_violations": 0
}