{
  "case_id": "case_03",
  "way_id": "way/202162589",
  "description": "新竹桃园线(西北台湾, 161kV, 中距离)",
  "start": [
    24.69162919962348,
    120.98572839962902
  ],
  "end": [
    24.213852100395847,
    121.03317789982312
  ],
  "real_length_km": 73.74618475725168,
  "predicted_length_km": 82.32040962335273,
  "length_error_pct": 11.626669087119003,
  "hausdorff_m": 7336.278758455553,
  "mean_distance_m": 2023.312270357075,
  "overlap_500m_pct": 31.19747899159664,
  "quality_passed": true,
  "quality_n_passed": 7,
  "fail_reason": "NONE"
}