{
  "case_id": "case_06",
  "algorithm": "A*",
  "version": "v3",
  "length_km": 67.03801315676174,
  "elevation_min_m": 59.66666793823242,
  "elevation_max_m": 938.5925903320312,
  "elevation_mean_m": 353.5281686688738,
  "slope_max_deg": 39.984066009521484,
  "slope_mean_deg": 15.93654195529,
  "hard_constraint_violations": 0
}