{
  "case_id": "case_05",
  "way_id": "way/199445383",
  "description": "台中山线(中台湾山区, 345kV, 中距离)",
  "start": [
    23.89023299968606,
    120.76991649976493
  ],
  "end": [
    23.551708899900994,
    120.5897881003525
  ],
  "real_length_km": 53.37743561102881,
  "predicted_length_km": 51.372981094329226,
  "length_error_pct": 3.7552469386247975,
  "hausdorff_m": 10929.524315722838,
  "mean_distance_m": 6188.4411069274165,
  "overlap_500m_pct": 2.364864864864865,
  "quality_passed": true,
  "quality_n_passed": 7,
  "fail_reason": "NONE"
}