{
  "case_id": "case_09",
  "way_id": "way/129716882",
  "description": "北部沿海线(345kV, 中距离)",
  "start": [
    24.820373899701156,
    121.19504449992695
  ],
  "end": [
    25.03405839978843,
    121.3629506003484
  ],
  "real_length_km": 34.03797565084753,
  "predicted_length_km": 31.042714785563348,
  "length_error_pct": 8.799762054032728,
  "hausdorff_m": 3501.510676613325,
  "mean_distance_m": 1266.7338350174252,
  "overlap_500m_pct": 32.71375464684015,
  "quality_passed": true,
  "quality_n_passed": 7,
  "fail_reason": "NONE"
}