{
  "case_id": "case_06",
  "algorithm": "DBO",
  "version": "v3",
  "length_km": 128.35161625512197,
  "elevation_min_m": 35.66666793823242,
  "elevation_max_m": 2970.987548828125,
  "elevation_mean_m": 998.8825169383726,
  "slope_max_deg": 54.75635528564453,
  "slope_mean_deg": 20.465705124256907,
  "hard_constraint_violations": 49
}