{
  "case_id": "case_09",
  "algorithm": "A*",
  "version": "v3",
  "length_km": 33.751715403069596,
  "elevation_min_m": 61.543209075927734,
  "elevation_max_m": 342.7037048339844,
  "elevation_mean_m": 179.73579205776784,
  "slope_max_deg": 24.141677856445312,
  "slope_mean_deg": 7.892781503352713,
  "hard_constraint_violations": 0
}