{
  "case_id": "case_02",
  "algorithm": "DBO",
  "version": "v3",
  "length_km": 98.22184440070802,
  "elevation_min_m": 61.81666946411133,
  "elevation_max_m": 1203.145263671875,
  "elevation_mean_m": 407.830869852124,
  "slope_max_deg": 39.5951042175293,
  "slope_mean_deg": 14.119728376538175,
  "hard_constraint_violations": 0
}