{
  "case_id": "case_02",
  "algorithm": "IPSO-SA",
  "version": "v3",
  "length_km": 113.29596595909469,
  "elevation_min_m": 51.71604919433594,
  "elevation_max_m": 826.7654418945312,
  "elevation_mean_m": 281.42571903799,
  "slope_max_deg": 42.66714096069336,
  "slope_mean_deg": 12.679825120426944,
  "hard_constraint_violations": 0
}