{
  "case_id": "case_02",
  "algorithm": "DBO",
  "version": "v3",
  "length_km": 171.98685889672095,
  "elevation_min_m": 54.39506149291992,
  "elevation_max_m": 1080.629638671875,
  "elevation_mean_m": 339.4429379186615,
  "slope_max_deg": 48.26961135864258,
  "slope_mean_deg": 14.974138887125036,
  "hard_constraint_violations": 6
}