{
  "case_id": "case_03",
  "algorithm": "IPSO-SA",
  "version": "v3",
  "length_km": 76.04905121198222,
  "elevation_min_m": 67.85185241699219,
  "elevation_max_m": 1125.345703125,
  "elevation_mean_m": 460.2423452540222,
  "slope_max_deg": 44.17074203491211,
  "slope_mean_deg": 18.575394571991726,
  "hard_constraint_violations": 0
}