{
  "case_id": "case_03",
  "algorithm": "DBO",
  "version": "v3",
  "length_km": 73.53812448323441,
  "elevation_min_m": 67.85185241699219,
  "elevation_max_m": 1529.30859375,
  "elevation_mean_m": 501.6460296195067,
  "slope_max_deg": 49.026546478271484,
  "slope_mean_deg": 18.593124357446325,
  "hard_constraint_violations": 11
}