{
  "case_id": "case_02",
  "way_id": "way/203692582",
  "description": "嘉义台中纵贯线(中台湾, 345kV, 长距离)",
  "start": [
    23.06512890000635,
    120.42671319971616
  ],
  "end": [
    23.89054169973247,
    120.76969850020504
  ],
  "real_length_km": 109.83631826857658,
  "predicted_length_km": 108.56256951643125,
  "length_error_pct": 1.1596790316939585,
  "hausdorff_m": 12374.80380652163,
  "mean_distance_m": 5311.922394487148,
  "overlap_500m_pct": 13.597199784598816,
  "quality_passed": true,
  "quality_n_passed": 7,
  "fail_reason": "NONE"
}