{
  "case_id": "case_02",
  "way_id": "way/203692582",
  "description": "嘉义台中纵贯线(中台湾, 345kV, 长距离)",
  "start": [
    23.06512890000635,
    120.42671319971616
  ],
  "end": [
    23.89054169973247,
    120.76969850020504
  ],
  "real_length_km": 109.83631826857658,
  "predicted_length_km": 113.45362115659987,
  "length_error_pct": 3.293357739084172,
  "hausdorff_m": 10777.917452008309,
  "mean_distance_m": 3064.655621856793,
  "overlap_500m_pct": 12.946313896737735,
  "quality_passed": true,
  "quality_n_passed": 7,
  "fail_reason": "NONE"
}