{
  "case_id": "case_07",
  "algorithm": "A*",
  "version": "v3",
  "length_km": 32.56810236363414,
  "elevation_min_m": -1.1728395223617554,
  "elevation_max_m": 62.62963104248047,
  "elevation_mean_m": 21.792953327037427,
  "slope_max_deg": 9.558853149414062,
  "slope_mean_deg": 2.5044932856125888,
  "hard_constraint_violations": 0
}