{
  "case_id": "case_09",
  "algorithm": "DBO",
  "version": "v3",
  "length_km": 62.57273928246898,
  "elevation_min_m": 70.6172866821289,
  "elevation_max_m": 309.58026123046875,
  "elevation_mean_m": 181.12749223273752,
  "slope_max_deg": 26.30998992919922,
  "slope_mean_deg": 6.53541974262571,
  "hard_constraint_violations": 0
}