{
  "case_id": "case_04",
  "way_id": "way/179686272",
  "description": "台东花东纵谷线(东台湾, 161kV, 中距离)",
  "start": [
    22.783302300041026,
    121.0900276002206
  ],
  "end": [
    23.334594500096475,
    121.30527559973308
  ],
  "real_length_km": 70.61967789727485,
  "predicted_length_km": 70.61721594363895,
  "length_error_pct": 0.003486214762240067,
  "hausdorff_m": 3144.9803067598327,
  "mean_distance_m": 997.7513689889881,
  "overlap_500m_pct": 8.236272878535774,
  "quality_passed": true,
  "quality_n_passed": 7,
  "fail_reason": "NONE"
}