{
  "case_id": "case_04",
  "algorithm": "IPSO-SA",
  "version": "v3",
  "length_km": 69.60149746190226,
  "elevation_min_m": 65.48148345947266,
  "elevation_max_m": 370.69134521484375,
  "elevation_mean_m": 227.56072046631687,
  "slope_max_deg": 34.32839584350586,
  "slope_mean_deg": 5.64645538339155,
  "hard_constraint_violations": 0
}