{
  "case_id": "case_07",
  "way_id": "way/365662507",
  "description": "南台湾联络线(345kV, 中距离)",
  "start": [
    22.419643099633863,
    120.61007010024228
  ],
  "end": [
    22.569954399612417,
    120.41057320044743
  ],
  "real_length_km": 32.30697405479281,
  "predicted_length_km": 34.44982902096884,
  "length_error_pct": 6.632793781744267,
  "hausdorff_m": 5187.782089418084,
  "mean_distance_m": 2652.648197136891,
  "overlap_500m_pct": 7.249999999999999,
  "quality_passed": true,
  "quality_n_passed": 7,
  "fail_reason": "NONE"
}